"year","id","province","prov_en","region","period","PC1","PC2","PC3","PC4","DEDI_raw","DEDI"
2013,340000,"<U+5B89><U+5FBD><U+7701>","Anhui","Central","Early(2013-2017)",-1.43449920915284,-1.64982807992576,-2.34916007155221,-0.18440599235302,-1.4798609629936,38.1719397802699
2014,340000,"<U+5B89><U+5FBD><U+7701>","Anhui","Central","Early(2013-2017)",-0.669544130406971,-0.855311084158253,-1.96215558752323,0.183078412038993,-0.771626749840565,43.2229534780083
2015,340000,"<U+5B89><U+5FBD><U+7701>","Anhui","Central","Early(2013-2017)",0.212601051022956,-0.33729333195818,-1.48803262648539,0.591771729865985,-0.0142626967485115,48.624353375525
2016,340000,"<U+5B89><U+5FBD><U+7701>","Anhui","Central","Early(2013-2017)",0.733794149689531,-0.16095388542002,-1.40183976066889,0.861802422082682,0.396143374886779,51.5513041652024
2017,340000,"<U+5B89><U+5FBD><U+7701>","Anhui","Central","Early(2013-2017)",1.24560325228953,-0.139581887509939,-0.884168258704292,0.791123071543776,0.797403453806894,54.4130271903553
2018,340000,"<U+5B89><U+5FBD><U+7701>","Anhui","Central","Late(2018-2022)",1.84370243335063,0.0247706474045655,-0.450351696907697,0.23937251317811,1.24220651657112,57.5852918467263
2019,340000,"<U+5B89><U+5FBD><U+7701>","Anhui","Central","Late(2018-2022)",2.39334361912135,0.425835187126633,-0.0538074117084342,0.180585165409774,1.71671439383766,60.9694065128165
2020,340000,"<U+5B89><U+5FBD><U+7701>","Anhui","Central","Late(2018-2022)",2.80262146331085,0.490840184816566,0.263754765255984,-0.129767922895939,2.01995177240905,63.1320472387023
2021,340000,"<U+5B89><U+5FBD><U+7701>","Anhui","Central","Late(2018-2022)",2.70718467957798,0.545639771450943,0.464969244283617,0.11556329032341,1.99744023170601,62.9714985129608
2022,340000,"<U+5B89><U+5FBD><U+7701>","Anhui","Central","Late(2018-2022)",2.92682667399371,0.446449067403771,1.14348990335231,-0.4431972888338,2.1649898640255,64.1664358263236
2013,110000,"<U+5317><U+4EAC><U+5E02>","Beijing","East","Early(2013-2017)",1.65464871952707,3.22117523253893,-2.74564757724213,-0.431036786592684,1.33823129059022,58.2701252533664
2014,110000,"<U+5317><U+4EAC><U+5E02>","Beijing","East","Early(2013-2017)",2.17924364540009,3.86327672336217,-2.45242784068999,-0.118429659234924,1.84529526268823,61.8864248067223
2015,110000,"<U+5317><U+4EAC><U+5E02>","Beijing","East","Early(2013-2017)",2.85327700600184,4.58968794114927,-2.2451608595294,0.291902454046767,2.4656790277392,66.3109030893747
2016,110000,"<U+5317><U+4EAC><U+5E02>","Beijing","East","Early(2013-2017)",3.1428101527091,4.8441169125256,-2.18618452127091,0.533718387633298,2.72442118566482,68.1562109827146
2017,110000,"<U+5317><U+4EAC><U+5E02>","Beijing","East","Early(2013-2017)",3.59464657050721,5.20767259547999,-1.89058751830642,0.558630298436672,3.12123404766744,70.9862171645551
2018,110000,"<U+5317><U+4EAC><U+5E02>","Beijing","East","Late(2018-2022)",3.81246180130555,5.66032656224044,-1.59245313435831,0.384626753346266,3.35885748363159,72.6809096937611
2019,110000,"<U+5317><U+4EAC><U+5E02>","Beijing","East","Late(2018-2022)",4.13631336616491,5.93393504267048,-1.00144965795376,-0.0110435823356023,3.65680050893068,74.8057919346677
2020,110000,"<U+5317><U+4EAC><U+5E02>","Beijing","East","Late(2018-2022)",4.32114796503253,6.24400411071001,-0.778735458098528,-0.0149680138849911,3.85295671452938,76.204746776124
2021,110000,"<U+5317><U+4EAC><U+5E02>","Beijing","East","Late(2018-2022)",4.32966945180445,6.61866135133135,-0.719004391347669,0.228913791987612,3.93716312873561,76.8052935213871
2022,110000,"<U+5317><U+4EAC><U+5E02>","Beijing","East","Late(2018-2022)",4.53275107522887,6.81467065934272,-0.411230999413557,0.023381343629292,4.12424489207024,78.1395308847494
2013,350000,"<U+798F><U+5EFA><U+7701>","Fujian","East","Early(2013-2017)",-0.313131036042331,-1.43121149078762,-2.59924520676873,-0.709237231516952,-0.731958134238289,43.5058637315039
2014,350000,"<U+798F><U+5EFA><U+7701>","Fujian","East","Early(2013-2017)",-0.0069355733475638,-1.00433287376445,-2.01769358972364,-0.545188220955053,-0.389133639772035,45.9508334679421
2015,350000,"<U+798F><U+5EFA><U+7701>","Fujian","East","Early(2013-2017)",0.803140922436568,-0.439224853322522,-1.55678207375494,-0.55619230750635,0.298829520767629,50.8572772444367
2016,350000,"<U+798F><U+5EFA><U+7701>","Fujian","East","Early(2013-2017)",1.25333965423077,-0.0862815112790368,-1.2952315021499,-0.521867012649238,0.690147572201,53.6480953117575
2017,350000,"<U+798F><U+5EFA><U+7701>","Fujian","East","Early(2013-2017)",1.78833241582416,0.100102163975509,-0.901728694989608,-0.826586388662709,1.1062027622133,56.6153347146826
2018,350000,"<U+798F><U+5EFA><U+7701>","Fujian","East","Late(2018-2022)",2.18920180319078,0.14988327977968,-0.577498806247468,-1.26565315599732,1.39405954165306,58.6682834552751
2019,350000,"<U+798F><U+5EFA><U+7701>","Fujian","East","Late(2018-2022)",2.39160931647353,0.279101224430319,0.0399399493116326,-1.5697684938081,1.59453700800348,60.0980568407145
2020,350000,"<U+798F><U+5EFA><U+7701>","Fujian","East","Late(2018-2022)",2.49385264654835,0.589355626359682,0.508734963900413,-1.55546126586292,1.7590392630171,61.2712607441005
2021,350000,"<U+798F><U+5EFA><U+7701>","Fujian","East","Late(2018-2022)",2.44703903013169,0.845308135995172,0.598841875072106,-1.29180212455019,1.7911478414738,61.5002540158004
2022,350000,"<U+798F><U+5EFA><U+7701>","Fujian","East","Late(2018-2022)",2.61483570474713,0.721382928703578,1.08053043363958,-1.69187431474947,1.90982766215957,62.3466596098767
2013,620000,"<U+7518><U+8083><U+7701>","Gansu","West","Early(2013-2017)",-4.71768311672194,-2.08965657284835,-1.03454572220891,-0.136084261256541,-3.67357223361557,22.5267401118371
2014,620000,"<U+7518><U+8083><U+7701>","Gansu","West","Early(2013-2017)",-4.32300247041533,-1.66477264408784,-1.01122829665746,0.0794433516371914,-3.32145305991006,25.0379980214271
2015,620000,"<U+7518><U+8083><U+7701>","Gansu","West","Early(2013-2017)",-3.77143993648989,-0.973145612808865,-0.61104256619524,0.195530532624331,-2.78989837928379,28.8289614104834
2016,620000,"<U+7518><U+8083><U+7701>","Gansu","West","Early(2013-2017)",-3.55731262480632,-0.53818419589005,-0.410687585742178,0.587769065293692,-2.53225152190558,30.6664577946286
2017,620000,"<U+7518><U+8083><U+7701>","Gansu","West","Early(2013-2017)",-3.24721405495211,-0.676473622988976,0.0957569731275387,0.0416658561764427,-2.32450629828735,32.1480636682898
2018,620000,"<U+7518><U+8083><U+7701>","Gansu","West","Late(2018-2022)",-2.70713025626792,-0.406826418772232,0.45319353723375,-0.329627856624736,-1.89977054746716,35.1772114494468
2019,620000,"<U+7518><U+8083><U+7701>","Gansu","West","Late(2018-2022)",-2.29945194280585,-0.0311501677546216,0.980226798997812,-0.697362696800225,-1.53303717505983,37.7926954984318
2020,620000,"<U+7518><U+8083><U+7701>","Gansu","West","Late(2018-2022)",-2.01078510511863,0.137923573381592,1.23351528280344,-0.753994936437168,-1.2874079387242,39.5444841218208
2021,620000,"<U+7518><U+8083><U+7701>","Gansu","West","Late(2018-2022)",-2.32357894913307,0.330145969517725,1.25672770975191,-0.253570096073559,-1.43991789582582,38.4568073786537
2022,620000,"<U+7518><U+8083><U+7701>","Gansu","West","Late(2018-2022)",-2.27701113899268,0.1324358117047,1.73965577641745,-0.815055199208078,-1.42571666487352,38.5580882977799
2013,440000,"<U+5E7F><U+4E1C><U+7701>","Guangdong","East","Early(2013-2017)",4.8980672938785,-1.81645310572021,-1.37840837666068,1.51582638638266,3.04739191357384,70.4595868156532
2014,440000,"<U+5E7F><U+4E1C><U+7701>","Guangdong","East","Early(2013-2017)",5.63693387246592,-1.75631067016016,-1.22608985154292,2.03791229035641,3.61154374375844,74.4830278877536
2015,440000,"<U+5E7F><U+4E1C><U+7701>","Guangdong","East","Early(2013-2017)",6.21067372233,-1.28431040173283,-0.490907582112137,2.08697642864692,4.1531418833072,78.3456196274995
2016,440000,"<U+5E7F><U+4E1C><U+7701>","Guangdong","East","Early(2013-2017)",7.03892758534797,-1.25108959085574,-0.107992988439844,2.45415943539394,4.78756415048409,82.8702182731855
2017,440000,"<U+5E7F><U+4E1C><U+7701>","Guangdong","East","Early(2013-2017)",7.78633541620255,-1.26446220123852,0.434031845179375,2.1877704556425,5.33581007143142,86.7802209319187
2018,440000,"<U+5E7F><U+4E1C><U+7701>","Guangdong","East","Late(2018-2022)",8.72734710875192,-1.23916982789654,1.187900661912,2.03086941529118,6.05047280070897,91.8770817836042
2019,440000,"<U+5E7F><U+4E1C><U+7701>","Guangdong","East","Late(2018-2022)",9.24420281903641,-1.04066017569164,1.77785853735073,2.02741441401121,6.49358193253202,95.0372655940799
2020,440000,"<U+5E7F><U+4E1C><U+7701>","Guangdong","East","Late(2018-2022)",9.49454426162245,-0.744050347849266,2.17091793737149,1.80700461665521,6.73600139741531,96.7661626382831
2021,440000,"<U+5E7F><U+4E1C><U+7701>","Guangdong","East","Late(2018-2022)",9.64748649972819,-0.685443356952272,2.45449334216022,2.2096768447003,6.90253591070422,97.953860284269
2022,440000,"<U+5E7F><U+4E1C><U+7701>","Guangdong","East","Late(2018-2022)",9.9891026955949,-0.722403336429863,3.1912484541259,1.98055802636485,7.1894379541932,100
2013,450000,"<U+5E7F><U+897F><U+58EE><U+65CF><U+81EA><U+6CBB><U+533A>","Guangxi","West","Early(2013-2017)",-3.0875605455,-1.94318946853201,-0.995261026343154,-0.388969456613146,-2.54205941963336,30.5965094288917
2014,450000,"<U+5E7F><U+897F><U+58EE><U+65CF><U+81EA><U+6CBB><U+533A>","Guangxi","West","Early(2013-2017)",-2.49828257610345,-1.54581365980406,-0.475376853111028,-0.60088909222167,-2.03826037577184,34.1895240336551
2015,450000,"<U+5E7F><U+897F><U+58EE><U+65CF><U+81EA><U+6CBB><U+533A>","Guangxi","West","Early(2013-2017)",-2.02621359211643,-1.40531016482509,0.991295950258589,-1.95188828071216,-1.63224525543922,37.0851592574308
2016,450000,"<U+5E7F><U+897F><U+58EE><U+65CF><U+81EA><U+6CBB><U+533A>","Guangxi","West","Early(2013-2017)",-1.61616313429198,-0.97744889069435,1.32232743703907,-1.70216117298926,-1.23701403415832,39.9038854293509
2017,450000,"<U+5E7F><U+897F><U+58EE><U+65CF><U+81EA><U+6CBB><U+533A>","Guangxi","West","Early(2013-2017)",-1.24806207211265,-1.1373276373457,1.33383992847327,-1.56955656111922,-0.999219176190935,41.5998005130034
2018,450000,"<U+5E7F><U+897F><U+58EE><U+65CF><U+81EA><U+6CBB><U+533A>","Guangxi","West","Late(2018-2022)",-0.581088524436349,-0.789264213394291,1.54493751619249,-1.4378807418024,-0.45854721585181,45.4557868900212
2019,450000,"<U+5E7F><U+897F><U+58EE><U+65CF><U+81EA><U+6CBB><U+533A>","Guangxi","West","Late(2018-2022)",0.149716425748808,-0.624185996136197,1.78355616333689,-1.53180357095618,0.0867237663791689,49.3445727592698
2020,450000,"<U+5E7F><U+897F><U+58EE><U+65CF><U+81EA><U+6CBB><U+533A>","Guangxi","West","Late(2018-2022)",0.785574459052569,-0.269424822067851,1.9181814785592,-1.30435103482845,0.605466883290968,53.0441661147843
2021,450000,"<U+5E7F><U+897F><U+58EE><U+65CF><U+81EA><U+6CBB><U+533A>","Guangxi","West","Late(2018-2022)",0.724937242056437,-0.226269513103585,1.91180508241535,-0.850967481325242,0.597651321982065,52.9884267753205
2022,450000,"<U+5E7F><U+897F><U+58EE><U+65CF><U+81EA><U+6CBB><U+533A>","Guangxi","West","Late(2018-2022)",0.964782498005582,-0.371920047610581,2.19045808558238,-1.04418860645526,0.755458306731017,54.1138810766838
2013,520000,"<U+8D35><U+5DDE><U+7701>","Guizhou","West","Early(2013-2017)",-4.09786192824174,-1.75719123286937,-0.608779363462951,-0.415692252831941,-3.17207464123496,26.1033411308985
2014,520000,"<U+8D35><U+5DDE><U+7701>","Guizhou","West","Early(2013-2017)",-3.59245759120392,-1.27718038464855,-0.458886307405701,-0.111411091269573,-2.71757556837837,29.3447561881967
2015,520000,"<U+8D35><U+5DDE><U+7701>","Guizhou","West","Early(2013-2017)",-2.99864418252555,-0.754549077772412,0.134589706958973,-0.308144542241209,-2.18331788786335,33.1549969422963
2016,520000,"<U+8D35><U+5DDE><U+7701>","Guizhou","West","Early(2013-2017)",-2.4412277104517,-0.185645975227439,0.272931452976223,0.195608445990576,-1.66827330958178,36.8282129088962
2017,520000,"<U+8D35><U+5DDE><U+7701>","Guizhou","West","Early(2013-2017)",-1.78848576184969,-0.307892570307438,0.52753189461607,-0.0745910409000692,-1.23007446786993,39.9533773117368
2018,520000,"<U+8D35><U+5DDE><U+7701>","Guizhou","West","Late(2018-2022)",-1.17520243531684,-0.376423639143983,0.718008878093442,-0.439620587314513,-0.82283224156919,42.8577640599918
2019,520000,"<U+8D35><U+5DDE><U+7701>","Guizhou","West","Late(2018-2022)",-0.544793918933782,-0.19547642581232,0.979797238722697,-0.691313999922018,-0.351587981079932,46.218603130608
2020,520000,"<U+8D35><U+5DDE><U+7701>","Guizhou","West","Late(2018-2022)",-0.0814090997749311,0.0377914373021229,1.1507627426873,-0.697537273284775,0.019097355187624,48.862271956917
2021,520000,"<U+8D35><U+5DDE><U+7701>","Guizhou","West","Late(2018-2022)",-0.140382286090634,0.32060041937086,1.07488764444723,-0.249400355315451,0.0421350298490839,49.0265729863195
2022,520000,"<U+8D35><U+5DDE><U+7701>","Guizhou","West","Late(2018-2022)",0.0638643322164345,0.197144990605446,1.64195003276087,-0.894023503761358,0.17923489149276,50.0043473810882
2013,460000,"<U+6D77><U+5357><U+7701>","Hainan","East","Early(2013-2017)",-5.63700302122506,0.592510500220214,-1.59494426714087,1.37404439337593,-3.85550179345357,21.229247443876
2014,460000,"<U+6D77><U+5357><U+7701>","Hainan","East","Early(2013-2017)",-4.96976364919418,1.6255023914725,-1.65559613812117,1.83711595355487,-3.21557296259874,25.7931180253824
2015,460000,"<U+6D77><U+5357><U+7701>","Hainan","East","Early(2013-2017)",-4.29345033888277,2.36306073992096,-1.20238650855734,1.69485081848336,-2.60190910137972,30.1696710233304
2016,460000,"<U+6D77><U+5357><U+7701>","Hainan","East","Early(2013-2017)",-4.32540806948967,2.77533913986997,-1.06249635901245,2.04442401996939,-2.52544762761691,30.7149820859037
2017,460000,"<U+6D77><U+5357><U+7701>","Hainan","East","Early(2013-2017)",-3.80918670639984,2.80557058867329,-0.932821735214203,1.54139668188863,-2.18417696017942,33.1488701752534
2018,460000,"<U+6D77><U+5357><U+7701>","Hainan","East","Late(2018-2022)",-3.38474812778506,2.78474677174862,-0.50363667513309,0.615703166984116,-1.91064209254271,35.0996773200976
2019,460000,"<U+6D77><U+5357><U+7701>","Hainan","East","Late(2018-2022)",-2.94613479819382,2.7679688460281,0.0222257208929304,-0.0718375910875205,-1.60268147869985,37.2960034082699
2020,460000,"<U+6D77><U+5357><U+7701>","Hainan","East","Late(2018-2022)",-2.77734873178022,2.85301540898854,0.541349586916612,-0.553192284762672,-1.45257733081724,38.3665223029545
2021,460000,"<U+6D77><U+5357><U+7701>","Hainan","East","Late(2018-2022)",-2.95476126232567,3.07901300062981,0.587276014180561,-0.37105180863057,-1.52417363281867,37.8559088711257
2022,460000,"<U+6D77><U+5357><U+7701>","Hainan","East","Late(2018-2022)",-2.80490499363099,3.00995691621172,0.937798507013023,-0.921727512705105,-1.43144037460247,38.5172677108811
2013,130000,"<U+6CB3><U+5317><U+7701>","Hebei","East","Early(2013-2017)",-0.957774684359235,-2.56656354758031,-1.64797517631257,-0.251566594259474,-1.22869007687953,39.9632505679643
2014,130000,"<U+6CB3><U+5317><U+7701>","Hebei","East","Early(2013-2017)",-0.42029785820522,-2.2030114711044,-1.6210874847769,0.15346039679984,-0.775819560048158,43.1930510228638
2015,130000,"<U+6CB3><U+5317><U+7701>","Hebei","East","Early(2013-2017)",0.347945024799341,-1.72822400190412,-1.18850706151643,0.416777266766762,-0.116387908493001,47.8960126178689
2016,130000,"<U+6CB3><U+5317><U+7701>","Hebei","East","Early(2013-2017)",0.956751877676925,-1.52157698052236,-0.762489051941574,0.697886317745399,0.392704195138377,51.526776482558
2017,130000,"<U+6CB3><U+5317><U+7701>","Hebei","East","Early(2013-2017)",1.3676499274521,-1.37645659807841,-0.258717164969472,0.529358897461726,0.736221873816467,53.9766898984796
2018,130000,"<U+6CB3><U+5317><U+7701>","Hebei","East","Late(2018-2022)",1.78312660235093,-1.03234780284345,0.0829462381481635,0.297727543733786,1.09377082822376,56.5266721399235
2019,130000,"<U+6CB3><U+5317><U+7701>","Hebei","East","Late(2018-2022)",2.41704439778567,-0.751925996006118,0.475338217708716,0.18522143279905,1.60398638817649,60.1654483163064
2020,130000,"<U+6CB3><U+5317><U+7701>","Hebei","East","Late(2018-2022)",2.8603676101128,-0.607955660637342,1.00779847013207,-0.0559081458345879,1.96795333272842,62.7612026420841
2021,130000,"<U+6CB3><U+5317><U+7701>","Hebei","East","Late(2018-2022)",2.8644193994609,-0.333841870785546,1.07871932991894,0.350457400718349,2.04472363417075,63.30871621452
2022,130000,"<U+6CB3><U+5317><U+7701>","Hebei","East","Late(2018-2022)",3.08145844365706,-0.564013495539987,1.57927464410348,-0.0718180731862832,2.18141565783956,64.2835819737565
2013,410000,"<U+6CB3><U+5357><U+7701>","Henan","Central","Early(2013-2017)",-0.747536257710425,-4.09529030976103,-2.31431942608889,-0.892188303197704,-1.42322662868815,38.5758468395824
2014,410000,"<U+6CB3><U+5357><U+7701>","Henan","Central","Early(2013-2017)",0.167104972844737,-3.53873440671932,-1.97140378622316,-0.741600277105824,-0.666252915633258,43.9744628940739
2015,410000,"<U+6CB3><U+5357><U+7701>","Henan","Central","Early(2013-2017)",1.13052544122342,-3.19822012934163,-1.32040022806102,-0.592652307408634,0.121000708748007,49.5890304573112
2016,410000,"<U+6CB3><U+5357><U+7701>","Henan","Central","Early(2013-2017)",1.88153875434591,-2.92483975389482,-0.775462177764353,-0.338801146942074,0.748023337026695,54.0608560559755
2017,410000,"<U+6CB3><U+5357><U+7701>","Henan","Central","Early(2013-2017)",2.57898947296458,-2.71525409338949,-0.333529914783911,-0.241722359730549,1.30875009544239,58.059870061296
2018,410000,"<U+6CB3><U+5357><U+7701>","Henan","Central","Late(2018-2022)",3.21495979791605,-2.09232157928007,0.100375620002576,-0.259175207984352,1.88286470920871,62.1543641203946
2019,410000,"<U+6CB3><U+5357><U+7701>","Henan","Central","Late(2018-2022)",3.70667271688817,-1.7816630234958,0.679055249347455,-0.345949747818644,2.3196904106811,65.2697355055728
2020,410000,"<U+6CB3><U+5357><U+7701>","Henan","Central","Late(2018-2022)",4.16405575761821,-1.53335181824456,1.19749447077088,-0.39957809925819,2.71950607993077,68.1211572308237
2021,410000,"<U+6CB3><U+5357><U+7701>","Henan","Central","Late(2018-2022)",4.02991886291782,-1.48422767848634,1.60839527952325,-0.149279448298521,2.69025458789381,67.9125402447843
2022,410000,"<U+6CB3><U+5357><U+7701>","Henan","Central","Late(2018-2022)",4.34308630256479,-1.67281896515228,2.05654636013966,-0.304038095604188,2.9107583860313,69.48513824148
2013,230000,"<U+9ED1><U+9F99><U+6C5F><U+7701>","Heilongjiang","Northeast","Early(2013-2017)",-2.34942609216488,-1.96989167845961,-0.729444720105259,-0.908581814953551,-2.04471624435782,34.1434818063058
2014,230000,"<U+9ED1><U+9F99><U+6C5F><U+7701>","Heilongjiang","Northeast","Early(2013-2017)",-2.13987972168858,-1.50334605126276,-0.709711409286831,-0.159715509445009,-1.78104913595401,36.0239136626852
2015,230000,"<U+9ED1><U+9F99><U+6C5F><U+7701>","Heilongjiang","Northeast","Early(2013-2017)",-1.68590979257786,-0.986862612848433,-0.385403784271224,-0.212013323017023,-1.36123199617783,39.0179826926384
2016,230000,"<U+9ED1><U+9F99><U+6C5F><U+7701>","Heilongjiang","Northeast","Early(2013-2017)",-1.77350155864906,-0.856962995828849,0.0990631627320756,0.23178032982084,-1.32701609491453,39.2620050552294
2017,230000,"<U+9ED1><U+9F99><U+6C5F><U+7701>","Heilongjiang","Northeast","Early(2013-2017)",-1.44959303112768,-0.519629235437278,0.556689876833112,0.0425594430330981,-1.01955512373667,41.4547677714295
2018,230000,"<U+9ED1><U+9F99><U+6C5F><U+7701>","Heilongjiang","Northeast","Late(2018-2022)",-1.39425372366364,-0.318714107307014,0.9549982280983,-0.132911684265185,-0.92262507719573,42.1460574376278
2019,230000,"<U+9ED1><U+9F99><U+6C5F><U+7701>","Heilongjiang","Northeast","Late(2018-2022)",-0.910776246028073,0.00675579831518729,1.38673924561281,-0.500516499075907,-0.52076679644481,45.0120467430384
2020,230000,"<U+9ED1><U+9F99><U+6C5F><U+7701>","Heilongjiang","Northeast","Late(2018-2022)",-0.715948843166825,0.308677084296253,1.66680292826407,-0.580385808453055,-0.318071111752489,46.4576401086785
2021,230000,"<U+9ED1><U+9F99><U+6C5F><U+7701>","Heilongjiang","Northeast","Late(2018-2022)",-1.05878235439667,0.121823727093687,1.68448717125942,-0.390814112493551,-0.569094657302188,44.667380130441
2022,230000,"<U+9ED1><U+9F99><U+6C5F><U+7701>","Heilongjiang","Northeast","Late(2018-2022)",-0.949989136876821,0.131161737231963,2.03582709131505,-0.783641266580123,-0.482771879570141,45.283020443566
2013,420000,"<U+6E56><U+5317><U+7701>","Hubei","Central","Early(2013-2017)",-0.666758473249725,-1.78823312269646,-1.97160138002276,-0.375786256392264,-0.948253582357526,41.9632790174093
2014,420000,"<U+6E56><U+5317><U+7701>","Hubei","Central","Early(2013-2017)",-0.0800798567363002,-1.36441644374321,-1.90453821070226,0.0362337682228375,-0.447956299367433,45.5313196209182
2015,420000,"<U+6E56><U+5317><U+7701>","Hubei","Central","Early(2013-2017)",0.87384837238884,-0.769931527031725,-1.54498926781422,0.280423373554596,0.349226801571965,51.2167026307622
2016,420000,"<U+6E56><U+5317><U+7701>","Hubei","Central","Early(2013-2017)",1.24337948982101,-0.21605739452399,-1.28313614132618,0.750403612172785,0.742749121367471,54.023241189248
2017,420000,"<U+6E56><U+5317><U+7701>","Hubei","Central","Early(2013-2017)",1.70527373286763,-0.0978995637181143,-1.03499812028527,0.56658485425811,1.09133621864924,56.509308891889
2018,420000,"<U+6E56><U+5317><U+7701>","Hubei","Central","Late(2018-2022)",2.238265409608,0.201579937102237,-0.677540185057166,0.264027727180808,1.52000443287777,59.5665023762505
2019,420000,"<U+6E56><U+5317><U+7701>","Hubei","Central","Late(2018-2022)",2.86637242365522,0.548412813373438,-0.351485167071875,0.154840038826133,2.03016351702647,63.2048757761867
2020,420000,"<U+6E56><U+5317><U+7701>","Hubei","Central","Late(2018-2022)",3.2520493338105,0.68871203346149,-0.0723676156725937,0.217401918075518,2.3479130252783,65.4710147014504
2021,420000,"<U+6E56><U+5317><U+7701>","Hubei","Central","Late(2018-2022)",3.23517525729316,0.778763025575022,0.0958760271816703,0.569031769204923,2.38814900583855,65.7579713115342
2022,420000,"<U+6E56><U+5317><U+7701>","Hubei","Central","Late(2018-2022)",3.5170216462883,0.484932811959104,0.573767773603191,0.132621907580757,2.55654366084373,66.958935192212
2013,430000,"<U+6E56><U+5357><U+7701>","Hunan","Central","Early(2013-2017)",-1.1706885089144,-2.32274078756458,-1.7348955134275,-0.371451264721667,-1.35346621323487,39.0733670207181
2014,430000,"<U+6E56><U+5357><U+7701>","Hunan","Central","Early(2013-2017)",-0.53945309372838,-1.83162892474418,-1.64208108720492,0.0864346825455163,-0.806872225084659,42.9715883576357
2015,430000,"<U+6E56><U+5357><U+7701>","Hunan","Central","Early(2013-2017)",0.22700347322053,-1.52479772426634,-1.31357126428118,0.306617149130456,-0.18725469221668,47.3906019942993
2016,430000,"<U+6E56><U+5357><U+7701>","Hunan","Central","Early(2013-2017)",0.810959732229285,-1.149501718998,-1.06956070789476,0.622990318672204,0.315083486409343,50.9731979406896
2017,430000,"<U+6E56><U+5357><U+7701>","Hunan","Central","Early(2013-2017)",1.30567772379816,-1.19965345294885,-0.349192811396079,0.314545672975488,0.698746881115871,53.7094242144192
2018,430000,"<U+6E56><U+5357><U+7701>","Hunan","Central","Late(2018-2022)",1.63179003200527,-0.883688412400262,-0.0521484146736412,-0.119784737223182,0.973727370891566,55.6705413062981
2019,430000,"<U+6E56><U+5357><U+7701>","Hunan","Central","Late(2018-2022)",2.12891415002808,-0.707766336734145,0.534155363743336,-0.500799557495213,1.3762389593181,58.5411898980818
2020,430000,"<U+6E56><U+5357><U+7701>","Hunan","Central","Late(2018-2022)",2.48938495181471,-0.40480922179107,0.830628781374223,-0.540165738002302,1.69706479469609,60.8292686988337
2021,430000,"<U+6E56><U+5357><U+7701>","Hunan","Central","Late(2018-2022)",2.37800937399104,-0.115220582589194,0.814381998093885,-0.0961647645682501,1.69067252914654,60.7836800782181
2022,430000,"<U+6E56><U+5357><U+7701>","Hunan","Central","Late(2018-2022)",2.5765408333652,-0.257081797631784,1.20152913861623,-0.348617866082643,1.82758924282652,61.7601482908565
2013,220000,"<U+5409><U+6797><U+7701>","Jilin","Northeast","Early(2013-2017)",-3.40004615773737,-1.46269838197346,-1.53236280849993,-0.429746421448167,-2.73795343944858,29.1994244547182
2014,220000,"<U+5409><U+6797><U+7701>","Jilin","Northeast","Early(2013-2017)",-2.85837594268295,-0.984476540647105,-1.44496377853403,-0.33878602883173,-2.27799742676489,32.4797575384298
2015,220000,"<U+5409><U+6797><U+7701>","Jilin","Northeast","Early(2013-2017)",-2.44512269916239,-0.491993945225595,-1.00607660750887,-0.396626465117082,-1.8790347857033,35.3250956023968
2016,220000,"<U+5409><U+6797><U+7701>","Jilin","Northeast","Early(2013-2017)",-2.19960068007554,-0.241533117691011,-0.538446356419247,-0.563896277798044,-1.63648298857776,37.054936419092
2017,220000,"<U+5409><U+6797><U+7701>","Jilin","Northeast","Early(2013-2017)",-1.79482393002137,0.0326376017723424,-0.247797202053351,-0.660099087393316,-1.29367793797888,39.4997674849624
2018,220000,"<U+5409><U+6797><U+7701>","Jilin","Northeast","Late(2018-2022)",-1.45132870036139,0.185670267800457,0.256863448990786,-0.716373149485258,-0.988299356701096,41.6776789277929
2019,220000,"<U+5409><U+6797><U+7701>","Jilin","Northeast","Late(2018-2022)",-1.22801240834476,0.383546095718151,0.381896763690527,-1.07685164469873,-0.814350539622431,42.9182542084732
2020,220000,"<U+5409><U+6797><U+7701>","Jilin","Northeast","Late(2018-2022)",-0.953954640313133,0.38459856847511,0.563384859515165,-1.07563293374965,-0.608009518653705,44.3898455323071
2021,220000,"<U+5409><U+6797><U+7701>","Jilin","Northeast","Late(2018-2022)",-1.31533687094639,0.606441844591837,0.69551075537494,-0.786788534449045,-0.791767433182443,43.0793133296614
2022,220000,"<U+5409><U+6797><U+7701>","Jilin","Northeast","Late(2018-2022)",-1.24565522942576,0.702709475271582,1.06899708446114,-1.09012578483693,-0.711325898723871,43.6530095517183
2013,320000,"<U+6C5F><U+82CF><U+7701>","Jiangsu","East","Early(2013-2017)",3.35434583530788,-1.83935653263376,-2.97348677366621,0.994147988497195,1.79504125624943,61.5280212303707
2014,320000,"<U+6C5F><U+82CF><U+7701>","Jiangsu","East","Early(2013-2017)",3.86967066413056,-1.75077965384596,-1.98711125437407,0.840266382851251,2.2495988678364,64.769853776578
2015,320000,"<U+6C5F><U+82CF><U+7701>","Jiangsu","East","Early(2013-2017)",4.56517898071857,-1.37330626858637,-1.42884544208451,1.08110298099607,2.85494550734918,69.0870896729442
2016,320000,"<U+6C5F><U+82CF><U+7701>","Jiangsu","East","Early(2013-2017)",4.95857856179362,-1.45938485409436,-1.14175782134376,1.17586835262199,3.14599523557577,71.1628100161492
2017,320000,"<U+6C5F><U+82CF><U+7701>","Jiangsu","East","Early(2013-2017)",5.44370786818441,-1.44806003357897,-0.550676811984306,1.13224116768005,3.53618585687468,73.9455874311736
2018,320000,"<U+6C5F><U+82CF><U+7701>","Jiangsu","East","Late(2018-2022)",5.96350112569589,-1.04378209664169,-0.193185700858618,0.728062203800182,3.96563106308146,77.0083222986712
2019,320000,"<U+6C5F><U+82CF><U+7701>","Jiangsu","East","Late(2018-2022)",6.56360168127246,-0.746549726930173,0.393294657180254,0.751807065566296,4.48246636878489,80.6943094482623
2020,320000,"<U+6C5F><U+82CF><U+7701>","Jiangsu","East","Late(2018-2022)",6.9599465490195,-0.533625145006973,0.969156929019271,0.464019857761696,4.82608595662856,83.1449496641347
2021,320000,"<U+6C5F><U+82CF><U+7701>","Jiangsu","East","Late(2018-2022)",6.77405128592654,-0.207132261875802,1.25621934731806,0.634858802169531,4.78689417285337,82.8654400993454
2022,320000,"<U+6C5F><U+82CF><U+7701>","Jiangsu","East","Late(2018-2022)",7.04943094670354,-0.315604642122867,1.90128902840533,0.197238840634358,4.99552519397062,84.3533633398013
2013,360000,"<U+6C5F><U+897F><U+7701>","Jiangxi","Central","Early(2013-2017)",-2.76524242311734,-2.52971261161808,-2.86258910516744,-0.465715022878463,-2.59721640406804,30.2031385937477
2014,360000,"<U+6C5F><U+897F><U+7701>","Jiangxi","Central","Early(2013-2017)",-2.24261045960099,-1.62545780884504,-2.38065928660799,0.0251415853252165,-2.02189722791826,34.3062234000676
2015,360000,"<U+6C5F><U+897F><U+7701>","Jiangxi","Central","Early(2013-2017)",-1.35389743357717,-1.04517983298493,-1.86144436019257,0.0297318661532463,-1.270900534716,39.6622123001706
2016,360000,"<U+6C5F><U+897F><U+7701>","Jiangxi","Central","Early(2013-2017)",-1.03759290101513,-1.2970133058246,-1.3134666062356,-0.495498372759564,-1.07099556125474,41.0879027574328
2017,360000,"<U+6C5F><U+897F><U+7701>","Jiangxi","Central","Early(2013-2017)",-0.459296970657198,-0.80709012834088,-0.853122406800904,-0.532771333379299,-0.555601408242087,44.7636118353824
2018,360000,"<U+6C5F><U+897F><U+7701>","Jiangxi","Central","Late(2018-2022)",0.231405155714439,-0.647401446146577,-0.484395475978294,-0.89158592878809,-0.0423324801677289,48.4241641472867
2019,360000,"<U+6C5F><U+897F><U+7701>","Jiangxi","Central","Late(2018-2022)",0.750091061220693,-0.434907750686934,0.0168523500711425,-1.11677835166301,0.381908814057867,51.4497855427004
2020,360000,"<U+6C5F><U+897F><U+7701>","Jiangxi","Central","Late(2018-2022)",1.16318184350915,-0.134337557646158,0.323934851157874,-1.07887272715726,0.744328517440908,54.0345051906941
2021,360000,"<U+6C5F><U+897F><U+7701>","Jiangxi","Central","Late(2018-2022)",0.878314632231697,0.0905360645283403,0.457772300588831,-0.68510651967191,0.620257112186402,53.1496476735061
2022,360000,"<U+6C5F><U+897F><U+7701>","Jiangxi","Central","Late(2018-2022)",1.01176607958936,0.0490642791473834,0.937118667825411,-1.28434878594488,0.715516278073534,53.8290208847902
2013,210000,"<U+8FBD><U+5B81><U+7701>","Liaoning","Northeast","Early(2013-2017)",-0.811838969484009,-1.78666931798835,-1.86397742901426,-1.08831877604448,-1.08106704941722,41.0160745066641
2014,210000,"<U+8FBD><U+5B81><U+7701>","Liaoning","Northeast","Early(2013-2017)",-0.337614478963386,-1.23909130831208,-1.76331327773722,-0.599629006185558,-0.631090639526715,44.225234651438
2015,210000,"<U+8FBD><U+5B81><U+7701>","Liaoning","Northeast","Early(2013-2017)",0.311272274063219,-0.474899730011075,-1.31405109614403,-0.296771860924314,-0.0052179033351267,48.6888594027343
2016,210000,"<U+8FBD><U+5B81><U+7701>","Liaoning","Northeast","Early(2013-2017)",0.498257718214071,0.00491255917258233,-1.10095476304828,0.143108647171463,0.244826265216388,50.4721346200816
2017,210000,"<U+8FBD><U+5B81><U+7701>","Liaoning","Northeast","Early(2013-2017)",0.847552119916205,0.20911469998088,-0.70562853646635,-0.0109571457387384,0.545384976890397,52.6156715199461
2018,210000,"<U+8FBD><U+5B81><U+7701>","Liaoning","Northeast","Late(2018-2022)",1.15612170678856,0.411773176525372,-0.351826829554824,-0.530697535032866,0.791184908282431,54.3686775133124
2019,210000,"<U+8FBD><U+5B81><U+7701>","Liaoning","Northeast","Late(2018-2022)",1.47048077745615,0.642147084906767,0.0649624866956172,-0.751866226664863,1.06971128024807,56.3550832726679
2020,210000,"<U+8FBD><U+5B81><U+7701>","Liaoning","Northeast","Late(2018-2022)",1.66500376147002,0.836659431439039,0.359816558903458,-1.01045048409129,1.24615915611653,57.6134814429295
2021,210000,"<U+8FBD><U+5B81><U+7701>","Liaoning","Northeast","Late(2018-2022)",1.33398015492879,1.08764146366864,0.459099103145379,-0.69347731843766,1.08627664162498,56.4732247937478
2022,210000,"<U+8FBD><U+5B81><U+7701>","Liaoning","Northeast","Late(2018-2022)",1.51603971761396,1.12055691363591,0.967485951823314,-1.07330541648156,1.24269473258565,57.5887737256458
2013,150000,"<U+5185><U+8499><U+53E4><U+81EA><U+6CBB><U+533A>","Inner Mongolia","West","Early(2013-2017)",-4.21349354037091,-2.0321325625159,-0.41058965480948,0.115877546185257,-3.24181041159885,25.6059967146181
2014,150000,"<U+5185><U+8499><U+53E4><U+81EA><U+6CBB><U+533A>","Inner Mongolia","West","Early(2013-2017)",-3.84220704657046,-1.7078497842362,-0.0309452384476966,0.425066871219966,-2.88074474748369,28.1810595700392
2015,150000,"<U+5185><U+8499><U+53E4><U+81EA><U+6CBB><U+533A>","Inner Mongolia","West","Early(2013-2017)",-3.23261441331359,-1.18728874075185,0.458762887787481,0.324364717400864,-2.34016577741064,32.036382755278
2016,150000,"<U+5185><U+8499><U+53E4><U+81EA><U+6CBB><U+533A>","Inner Mongolia","West","Early(2013-2017)",-2.93451943736125,-0.843846843751487,0.79184657393512,0.687780828528968,-2.02768225802032,34.2649654860263
2017,150000,"<U+5185><U+8499><U+53E4><U+81EA><U+6CBB><U+533A>","Inner Mongolia","West","Early(2013-2017)",-2.76893310384695,-0.702829864858273,1.1591298878416,0.580096532814792,-1.86301105964583,35.4393742665759
2018,150000,"<U+5185><U+8499><U+53E4><U+81EA><U+6CBB><U+533A>","Inner Mongolia","West","Late(2018-2022)",-2.53939565390952,-0.589594960758731,1.70587955193922,-0.0324381918866238,-1.67218142041714,36.8003408843666
2019,150000,"<U+5185><U+8499><U+53E4><U+81EA><U+6CBB><U+533A>","Inner Mongolia","West","Late(2018-2022)",-2.20484295326508,-0.572329762941926,2.24678545789238,-0.570202217274993,-1.41986403945768,38.5998282908418
2020,150000,"<U+5185><U+8499><U+53E4><U+81EA><U+6CBB><U+533A>","Inner Mongolia","West","Late(2018-2022)",-1.80786587137783,-0.18326559300715,2.23117575712717,-0.711719512044976,-1.0974061692242,40.8995465044561
2021,150000,"<U+5185><U+8499><U+53E4><U+81EA><U+6CBB><U+533A>","Inner Mongolia","West","Late(2018-2022)",-1.71479036868443,0.282311218886991,2.02948594753521,-0.366582091353678,-0.960355727917723,41.8769684412449
2022,150000,"<U+5185><U+8499><U+53E4><U+81EA><U+6CBB><U+533A>","Inner Mongolia","West","Late(2018-2022)",-1.78813873388707,0.0687987066119455,2.70783128688328,-0.747421409073878,-1.00087932362224,41.5879606057241
2013,640000,"<U+5B81><U+590F><U+56DE><U+65CF><U+81EA><U+6CBB><U+533A>","Ningxia","West","Early(2013-2017)",-6.54101446956993,-0.908613516443022,-1.20658597707195,0.684384407133626,-4.71210059078277,15.1201211429681
2014,640000,"<U+5B81><U+590F><U+56DE><U+65CF><U+81EA><U+6CBB><U+533A>","Ningxia","West","Early(2013-2017)",-6.10055761545765,-0.29737345382156,-1.02592893151056,0.739741655153915,-4.29440316052639,18.099072741963
2015,640000,"<U+5B81><U+590F><U+56DE><U+65CF><U+81EA><U+6CBB><U+533A>","Ningxia","West","Early(2013-2017)",-5.69183681289323,0.392757803934852,-0.493509600420626,0.687520714301774,-3.85874353078196,21.2061278891495
2016,640000,"<U+5B81><U+590F><U+56DE><U+65CF><U+81EA><U+6CBB><U+533A>","Ningxia","West","Early(2013-2017)",-5.37037495611368,0.71033571816526,-0.375678780101136,0.685328262144007,-3.57761486085596,23.211092823421
2017,640000,"<U+5B81><U+590F><U+56DE><U+65CF><U+81EA><U+6CBB><U+533A>","Ningxia","West","Early(2013-2017)",-4.97008022936129,0.668578517226266,-0.0868737838052813,0.0430839329836223,-3.32015132253997,25.0472818051884
2018,640000,"<U+5B81><U+590F><U+56DE><U+65CF><U+81EA><U+6CBB><U+533A>","Ningxia","West","Late(2018-2022)",-4.53463116936837,0.726632314257515,0.113796280806037,-0.32378391780068,-3.01485278736786,27.2246223719318
2019,640000,"<U+5B81><U+590F><U+56DE><U+65CF><U+81EA><U+6CBB><U+533A>","Ningxia","West","Late(2018-2022)",-4.32785657474158,0.679901652697999,0.377336908838438,-0.829730350609536,-2.88528551663796,28.1486755270622
2020,640000,"<U+5B81><U+590F><U+56DE><U+65CF><U+81EA><U+6CBB><U+533A>","Ningxia","West","Late(2018-2022)",-4.11754399114188,0.961961426843924,0.614480797502581,-0.842894467305499,-2.67507603127501,29.647856123317
2021,640000,"<U+5B81><U+590F><U+56DE><U+65CF><U+81EA><U+6CBB><U+533A>","Ningxia","West","Late(2018-2022)",-4.25146112549747,1.42886921733693,0.560271258570942,-0.434821488115461,-2.67564238975239,29.6438169447883
2022,640000,"<U+5B81><U+590F><U+56DE><U+65CF><U+81EA><U+6CBB><U+533A>","Ningxia","West","Late(2018-2022)",-4.09088354477928,1.40433559778911,0.883199184098835,-0.927747786686105,-2.56784006624974,30.4126459600313
2013,630000,"<U+9752><U+6D77><U+7701>","Qinghai","West","Early(2013-2017)",-7.89900541140656,-1.20602606154941,0.0555430170430226,1.53998021124526,-5.51583521245279,9.38801372990159
2014,630000,"<U+9752><U+6D77><U+7701>","Qinghai","West","Early(2013-2017)",-7.21497588618606,-0.866984595764742,0.0539997738911208,1.59577295533166,-4.99020785933657,13.1367043624485
2015,630000,"<U+9752><U+6D77><U+7701>","Qinghai","West","Early(2013-2017)",-6.27363482547993,0.0256557504864503,0.388517831252444,1.42805557658753,-4.18364750741889,18.8889644339463
2016,630000,"<U+9752><U+6D77><U+7701>","Qinghai","West","Early(2013-2017)",-6.14730517940138,0.443537680537332,0.441159908681548,1.81872304647268,-4.00347657592008,20.1739148444656
2017,630000,"<U+9752><U+6D77><U+7701>","Qinghai","West","Early(2013-2017)",-6.13270916296732,0.302294097691698,0.922419736736561,1.40943485257016,-3.9933924957337,20.2458328995448
2018,630000,"<U+9752><U+6D77><U+7701>","Qinghai","West","Late(2018-2022)",-5.7302344772924,0.515518154525726,1.34695756884651,0.836421109650628,-3.67779020578407,22.4966582055918
2019,630000,"<U+9752><U+6D77><U+7701>","Qinghai","West","Late(2018-2022)",-5.37409022662656,0.723247711877783,1.79322637861028,0.30049505017887,-3.39048740290265,24.5456560735317
2020,630000,"<U+9752><U+6D77><U+7701>","Qinghai","West","Late(2018-2022)",-5.0239041533423,0.933598139922926,2.01476694903552,0.226976843524775,-3.10035540731967,26.6148312935732
2021,630000,"<U+9752><U+6D77><U+7701>","Qinghai","West","Late(2018-2022)",-5.26556275237972,1.53394696348496,1.92425984955895,0.549129543869712,-3.16332112356142,26.1657698258857
2022,630000,"<U+9752><U+6D77><U+7701>","Qinghai","West","Late(2018-2022)",-5.2185534162855,1.5324922613141,2.35965081429378,0.296793753968242,-3.10430734345638,26.5866467139689
2013,370000,"<U+5C71><U+4E1C><U+7701>","Shandong","East","Early(2013-2017)",2.00683947331596,-2.75479336715859,-2.00150279168218,-0.296077339570149,0.743436289630055,54.0281419639388
2014,370000,"<U+5C71><U+4E1C><U+7701>","Shandong","East","Early(2013-2017)",2.76082644300929,-2.512137354959,-1.93045533218479,0.133246137428375,1.33239132595186,58.2284755549547
2015,370000,"<U+5C71><U+4E1C><U+7701>","Shandong","East","Early(2013-2017)",3.42314274543714,-2.22203383243898,-1.35375527691295,0.368299089865322,1.9029412270741,62.2975466507746
2016,370000,"<U+5C71><U+4E1C><U+7701>","Shandong","East","Early(2013-2017)",4.07012346906276,-1.84453986317473,-0.917576227888036,0.917863075501324,2.48200662948495,66.427348946603
2017,370000,"<U+5C71><U+4E1C><U+7701>","Shandong","East","Early(2013-2017)",4.66052370636876,-1.8466420181924,-0.287867560193671,0.852406076077476,2.9449330372715,69.7288664154709
2018,370000,"<U+5C71><U+4E1C><U+7701>","Shandong","East","Late(2018-2022)",5.16182133574025,-0.982013057003533,0.173607512023846,0.923087244632624,3.47167960436656,73.4855391039999
2019,370000,"<U+5C71><U+4E1C><U+7701>","Shandong","East","Late(2018-2022)",5.58231872540319,-0.925540538038389,0.896479305609565,0.878671557816271,3.83716230093731,76.0921035319546
2020,370000,"<U+5C71><U+4E1C><U+7701>","Shandong","East","Late(2018-2022)",6.04757486250915,-0.722805067007492,1.20670998808854,0.642437661403969,4.2038785238111,78.7074652731956
2021,370000,"<U+5C71><U+4E1C><U+7701>","Shandong","East","Late(2018-2022)",6.22567017030842,-0.217055399361246,1.289871417662,0.86592544747692,4.42583144062892,80.2903981537024
2022,370000,"<U+5C71><U+4E1C><U+7701>","Shandong","East","Late(2018-2022)",6.54697309040783,-0.51414582748174,1.72160800088456,0.527569987239822,4.62238168918685,81.6921632468348
2013,140000,"<U+5C71><U+897F><U+7701>","Shanxi","Central","Early(2013-2017)",-3.44479744739345,-2.29624409332584,-1.05058468785034,-0.717920821247996,-2.86749499388196,28.275554704122
2014,140000,"<U+5C71><U+897F><U+7701>","Shanxi","Central","Early(2013-2017)",-3.03519567353251,-1.67262738582384,-0.921936309420196,-0.489566590326775,-2.46354496241736,31.1564620427352
2015,140000,"<U+5C71><U+897F><U+7701>","Shanxi","Central","Early(2013-2017)",-2.51872815195704,-1.19009062395442,-0.540753042069556,-0.430193735107121,-1.99356676956432,34.5082717204557
2016,140000,"<U+5C71><U+897F><U+7701>","Shanxi","Central","Early(2013-2017)",-2.24345204457755,-0.896298698008729,-0.192483221311244,-0.260148674659963,-1.71480221749968,36.4963761423726
2017,140000,"<U+5C71><U+897F><U+7701>","Shanxi","Central","Early(2013-2017)",-1.7534542678012,-0.973235943802936,0.25743292913595,-0.693383154937706,-1.37252245100922,38.937460965577
2018,140000,"<U+5C71><U+897F><U+7701>","Shanxi","Central","Late(2018-2022)",-1.05473742603911,-0.749729765792922,0.469973225023953,-1.30995899371947,-0.875005973648344,42.485669305884
2019,140000,"<U+5C71><U+897F><U+7701>","Shanxi","Central","Late(2018-2022)",-0.762858991824824,-0.664757514211666,1.0120703012728,-1.6898583995865,-0.631810631821224,44.2200997809753
2020,140000,"<U+5C71><U+897F><U+7701>","Shanxi","Central","Late(2018-2022)",-0.25606989951755,-0.598510491653419,1.29218692618892,-1.91065348156916,-0.259486215168418,46.8754582677439
2021,140000,"<U+5C71><U+897F><U+7701>","Shanxi","Central","Late(2018-2022)",-0.475879484639499,-0.498608020267715,1.45957968755381,-1.70645132790315,-0.366403316028436,46.1129425195111
2022,140000,"<U+5C71><U+897F><U+7701>","Shanxi","Central","Late(2018-2022)",-0.363552561058598,-0.517563888762023,1.84797242819342,-2.03472793358276,-0.27441790567296,46.7689678273385
2013,610000,"<U+9655><U+897F><U+7701>","Shaanxi","West","Early(2013-2017)",-1.75755669500693,-1.22616976217091,-1.78287820307197,-0.0335053839265808,-1.57244854405504,37.5116198867988
2014,610000,"<U+9655><U+897F><U+7701>","Shaanxi","West","Early(2013-2017)",-1.14600231039417,-0.59544590270347,-1.72920669729095,0.302889777280392,-1.02922690934158,41.3857901356916
2015,610000,"<U+9655><U+897F><U+7701>","Shaanxi","West","Early(2013-2017)",-0.551080049788128,-0.0923972105315702,-1.31598300917278,0.338388311547526,-0.500504991734507,45.1565507097092
2016,610000,"<U+9655><U+897F><U+7701>","Shaanxi","West","Early(2013-2017)",0.0905933143367159,0.484927470162086,-0.895683567399377,0.649674504295617,0.0894066686635352,49.363706791397
2017,610000,"<U+9655><U+897F><U+7701>","Shaanxi","West","Early(2013-2017)",0.492097978193467,0.65642068285493,-0.465458283345579,0.458240708656081,0.421941547442997,51.7352926262765
2018,610000,"<U+9655><U+897F><U+7701>","Shaanxi","West","Late(2018-2022)",0.966744268650902,0.933660021176213,-0.15189319892758,0.0666648740415862,0.797332132440851,54.412518537723
2019,610000,"<U+9655><U+897F><U+7701>","Shaanxi","West","Late(2018-2022)",1.46918044670692,1.08557585265491,0.30880274028613,-0.243439940372195,1.19192759388296,57.2267105716495
2020,610000,"<U+9655><U+897F><U+7701>","Shaanxi","West","Late(2018-2022)",1.85357630125112,1.24160217877851,0.800801430901854,-0.201173041937471,1.53070873664156,59.6428437671796
2021,610000,"<U+9655><U+897F><U+7701>","Shaanxi","West","Late(2018-2022)",1.73614572875227,1.40437003430321,0.871558443109576,0.273382895474938,1.51103375306114,59.5025249154186
2022,610000,"<U+9655><U+897F><U+7701>","Shaanxi","West","Late(2018-2022)",1.73801294688776,1.14057633248719,1.43719851217053,-0.0115244414089808,1.50941401237716,59.4909731826307
2013,310000,"<U+4E0A><U+6D77><U+5E02>","Shanghai","East","Early(2013-2017)",0.432906080341837,1.99217052238276,-2.85383921990709,0.133157828447465,0.333658661058086,51.1056731301767
2014,310000,"<U+4E0A><U+6D77><U+5E02>","Shanghai","East","Early(2013-2017)",0.987947144989313,2.64206107356323,-2.75536201576562,0.346864135018489,0.837795012260042,54.7010933572121
2015,310000,"<U+4E0A><U+6D77><U+5E02>","Shanghai","East","Early(2013-2017)",1.55031721825129,3.31154752392144,-2.52887936096571,0.555464571452914,1.36213943611471,58.4406343424347
2016,310000,"<U+4E0A><U+6D77><U+5E02>","Shanghai","East","Early(2013-2017)",1.3461483305053,3.45195379900543,-2.30961454012538,0.504464482778829,1.26156447167094,57.7233497018165
2017,310000,"<U+4E0A><U+6D77><U+5E02>","Shanghai","East","Early(2013-2017)",1.95401586175048,3.7069204250945,-2.05314160046451,0.285158911988713,1.73015151919295,61.0652379524269
2018,310000,"<U+4E0A><U+6D77><U+5E02>","Shanghai","East","Late(2018-2022)",2.13532875224497,3.93044389724639,-1.5462656922739,-0.21810323785248,1.90759416121306,62.330730636572
2019,310000,"<U+4E0A><U+6D77><U+5E02>","Shanghai","East","Late(2018-2022)",2.47785686228384,4.1198452496171,-0.964400731716684,-0.569338892473077,2.20728642493318,64.4680881675185
2020,310000,"<U+4E0A><U+6D77><U+5E02>","Shanghai","East","Late(2018-2022)",3.02398010687966,4.19924337612959,-0.570629799710056,-0.766994234643994,2.62117087230556,67.4198461793939
2021,310000,"<U+4E0A><U+6D77><U+5E02>","Shanghai","East","Late(2018-2022)",3.05009933590732,4.50094021780839,-0.551970004238144,-0.486758757309378,2.70450356793294,68.0141617027989
2022,310000,"<U+4E0A><U+6D77><U+5E02>","Shanghai","East","Late(2018-2022)",3.23191004260888,4.66562575325316,-0.230848866199075,-0.653404296398651,2.87584167777449,69.2361178349397
2013,510000,"<U+56DB><U+5DDD><U+7701>","Sichuan","West","Early(2013-2017)",0.24783202895975,-2.15151099726506,-1.38929412520788,0.559552751970582,-0.261012513158264,46.8645729533798
2014,510000,"<U+56DB><U+5DDD><U+7701>","Sichuan","West","Early(2013-2017)",1.09011088166613,-1.63670910577403,-1.19382474773968,1.01530586423453,0.444187602658257,51.8939479517693
2015,510000,"<U+56DB><U+5DDD><U+7701>","Sichuan","West","Early(2013-2017)",1.87468002571648,-0.917163236276319,-0.522668706452814,1.32260439316341,1.17838362792353,57.1301171618533
2016,510000,"<U+56DB><U+5DDD><U+7701>","Sichuan","West","Early(2013-2017)",2.39483484231904,-0.471013544318423,-0.253908102501452,1.81423416626429,1.66092247528409,60.5715074285819
2017,510000,"<U+56DB><U+5DDD><U+7701>","Sichuan","West","Early(2013-2017)",3.02543065500918,-0.612348809508896,0.286578297542627,1.63736994153872,2.11455955925679,63.8067749183397
2018,510000,"<U+56DB><U+5DDD><U+7701>","Sichuan","West","Late(2018-2022)",3.68483738359138,-0.775804399208674,0.79118369793405,1.32467480999915,2.57276215472763,67.0746029095334
2019,510000,"<U+56DB><U+5DDD><U+7701>","Sichuan","West","Late(2018-2022)",4.22616120840803,-1.46726310734313,2.2372747583469,2.230668431372,3.03534628119997,70.37367928254
2020,510000,"<U+56DB><U+5DDD><U+7701>","Sichuan","West","Late(2018-2022)",4.65152567809142,-1.3288879859609,3.04566039859342,1.76552217460013,3.39922579835197,72.9688100900149
2021,510000,"<U+56DB><U+5DDD><U+7701>","Sichuan","West","Late(2018-2022)",4.50766330900714,-1.1066202557902,3.1995587417172,2.14129663228585,3.37254626237814,72.7785358853091
2022,510000,"<U+56DB><U+5DDD><U+7701>","Sichuan","West","Late(2018-2022)",4.56556199791507,-0.277630487660133,2.27269745068061,0.79029621784562,3.36630276670099,72.7340082677479
2013,120000,"<U+5929><U+6D25><U+5E02>","Tianjin","East","Early(2013-2017)",-2.57965526173222,0.273506407771506,-2.02592556688232,-0.9312699708907,-1.98621166263351,34.5607271725729
2014,120000,"<U+5929><U+6D25><U+5E02>","Tianjin","East","Early(2013-2017)",-2.14935884329715,0.737938119455522,-1.90650622130019,-0.910481125849575,-1.60613752287712,37.2713554512026
2015,120000,"<U+5929><U+6D25><U+5E02>","Tianjin","East","Early(2013-2017)",-1.45509143459327,1.28250130878733,-1.74219435217953,-0.975415294543081,-1.03316756153413,41.3576860313814
2016,120000,"<U+5929><U+6D25><U+5E02>","Tianjin","East","Early(2013-2017)",-1.30168003720208,1.458959688622,-1.59313018786937,-0.909300047676205,-0.882006108275206,42.4357454597471
2017,120000,"<U+5929><U+6D25><U+5E02>","Tianjin","East","Early(2013-2017)",-1.16852806938511,1.68419812552042,-1.22627439248917,-1.07860646503847,-0.730529278896063,43.5160541004125
2018,120000,"<U+5929><U+6D25><U+5E02>","Tianjin","East","Late(2018-2022)",-0.842283321855047,1.91491636356213,-0.780408994887222,-1.55081904741142,-0.456375577394894,45.471274669895
2019,120000,"<U+5929><U+6D25><U+5E02>","Tianjin","East","Late(2018-2022)",-0.525236798815696,2.0729980389118,-0.317236629847885,-1.81698070224607,-0.185349235886026,47.4041914056097
2020,120000,"<U+5929><U+6D25><U+5E02>","Tianjin","East","Late(2018-2022)",-0.202491927372013,2.2621808028135,0.0223258544843643,-2.1288147786917,0.0795184124235382,49.2931853215394
2021,120000,"<U+5929><U+6D25><U+5E02>","Tianjin","East","Late(2018-2022)",-0.350801761076557,2.65194835363501,0.040451865224311,-1.82250650816194,0.0580041199840835,49.1397488117088
2022,120000,"<U+5929><U+6D25><U+5E02>","Tianjin","East","Late(2018-2022)",-0.364923121285466,2.59951327433583,0.507074518084606,-2.15555545455544,0.0652427797913819,49.1913737814729
2013,540000,"<U+897F><U+85CF><U+81EA><U+6CBB><U+533A>","Tibet","West","Early(2013-2017)",-10.2427957341781,-0.671389896157644,1.16262856577055,3.24913418092424,-6.83218731817839,0
2014,540000,"<U+897F><U+85CF><U+81EA><U+6CBB><U+533A>","Tibet","West","Early(2013-2017)",-8.90381024571559,0.232709301222908,0.702059179387736,3.51402268210086,-5.80136876667032,7.35163386186911
2015,540000,"<U+897F><U+85CF><U+81EA><U+6CBB><U+533A>","Tibet","West","Early(2013-2017)",-9.31920262302551,1.1243940342164,1.04268139247493,4.74165327364387,-5.84137045982892,7.0663481522487
2016,540000,"<U+897F><U+85CF><U+81EA><U+6CBB><U+533A>","Tibet","West","Early(2013-2017)",-8.87492730723393,2.16113673108159,0.929455230130953,5.49413874865855,-5.34149118510979,10.6314075872922
2017,540000,"<U+897F><U+85CF><U+81EA><U+6CBB><U+533A>","Tibet","West","Early(2013-2017)",-7.60240133438139,1.75404514863595,1.09002229560507,3.49996500296581,-4.63605322738345,15.6624788363317
2018,540000,"<U+897F><U+85CF><U+81EA><U+6CBB><U+533A>","Tibet","West","Late(2018-2022)",-6.95431716818403,1.29849929953133,1.28240896388503,2.34685318440413,-4.31257320485451,17.9694868774489
2019,540000,"<U+897F><U+85CF><U+81EA><U+6CBB><U+533A>","Tibet","West","Late(2018-2022)",-6.33922038483946,1.56055565153454,1.16543453915102,2.37768909576243,-3.85894333821771,21.2047028943157
2020,540000,"<U+897F><U+85CF><U+81EA><U+6CBB><U+533A>","Tibet","West","Late(2018-2022)",-6.38129824368822,1.72625373453157,2.15257955601789,1.48651926208353,-3.82100796757634,21.4752519205839
2021,540000,"<U+897F><U+85CF><U+81EA><U+6CBB><U+533A>","Tibet","West","Late(2018-2022)",-6.67185929810003,2.06551294906442,2.38842890681628,1.86344048898385,-3.92252220865809,20.7512685084627
2022,540000,"<U+897F><U+85CF><U+81EA><U+6CBB><U+533A>","Tibet","West","Late(2018-2022)",-6.3710734892062,1.96770172280479,2.40913155464216,1.32538803532725,-3.76180246654217,21.8974961318225
2013,650000,"<U+65B0><U+7586><U+7EF4><U+543E><U+5C14><U+81EA><U+6CBB><U+533A>","Xinjiang","West","Early(2013-2017)",-5.13905285524035,-2.01256507329061,-0.170326873644923,-0.340057771191768,-3.87975349530955,21.0562881657261
2014,650000,"<U+65B0><U+7586><U+7EF4><U+543E><U+5C14><U+81EA><U+6CBB><U+533A>","Xinjiang","West","Early(2013-2017)",-4.42788621199557,-1.49713094792242,-0.00769909468672005,-0.629471904984191,-3.31360030944386,25.0940025880424
2015,650000,"<U+65B0><U+7586><U+7EF4><U+543E><U+5C14><U+81EA><U+6CBB><U+533A>","Xinjiang","West","Early(2013-2017)",-3.90395308509961,-1.09389292271949,0.440186339775077,-0.901349598314356,-2.86452799617616,28.2967148595831
2016,650000,"<U+65B0><U+7586><U+7EF4><U+543E><U+5C14><U+81EA><U+6CBB><U+533A>","Xinjiang","West","Early(2013-2017)",-3.79179440669447,-0.956710834804151,0.759557170192176,-0.809769475576397,-2.72959913960793,29.2590059916539
2017,650000,"<U+65B0><U+7586><U+7EF4><U+543E><U+5C14><U+81EA><U+6CBB><U+533A>","Xinjiang","West","Early(2013-2017)",-3.67029113190227,-1.02329209475613,1.39533599255513,-1.08314449932792,-2.61113725202281,30.1038573215389
2018,650000,"<U+65B0><U+7586><U+7EF4><U+543E><U+5C14><U+81EA><U+6CBB><U+533A>","Xinjiang","West","Late(2018-2022)",-3.15901974525359,-0.754270566006567,1.58861473401439,-1.20181708132977,-2.20677576767407,32.987699076642
2019,650000,"<U+65B0><U+7586><U+7EF4><U+543E><U+5C14><U+81EA><U+6CBB><U+533A>","Xinjiang","West","Late(2018-2022)",-2.78745123207955,-0.683181811214625,2.20988310201123,-1.48652390262999,-1.89735831622723,35.1944150987604
2020,650000,"<U+65B0><U+7586><U+7EF4><U+543E><U+5C14><U+81EA><U+6CBB><U+533A>","Xinjiang","West","Late(2018-2022)",-2.49881217037716,-0.518254497620992,2.49688277751528,-1.64513756870403,-1.65536823352407,36.9202498575882
2021,650000,"<U+65B0><U+7586><U+7EF4><U+543E><U+5C14><U+81EA><U+6CBB><U+533A>","Xinjiang","West","Late(2018-2022)",-2.50186635679646,-0.326985461153976,2.45542288519663,-1.26785094372972,-1.60894452563759,37.2513363542296
2022,650000,"<U+65B0><U+7586><U+7EF4><U+543E><U+5C14><U+81EA><U+6CBB><U+533A>","Xinjiang","West","Late(2018-2022)",-2.32166196730583,-0.197677522194558,2.76087404222153,-1.58052786337454,-1.45464665775154,38.3517641925778
2013,530000,"<U+4E91><U+5357><U+7701>","Yunnan","West","Early(2013-2017)",-3.17921218078146,-1.55949300061797,-0.676672399668781,-0.0720400230011535,-2.49562071110344,30.9277029077348
2014,530000,"<U+4E91><U+5357><U+7701>","Yunnan","West","Early(2013-2017)",-2.69964431766203,-1.27645792164562,-0.396456281842528,0.0224411862164242,-2.08933046603943,33.8253002773106
2015,530000,"<U+4E91><U+5357><U+7701>","Yunnan","West","Early(2013-2017)",-2.03493889470566,-0.84730073463193,0.0913819329127823,0.225675972886809,-1.50639826889141,37.9826799378314
2016,530000,"<U+4E91><U+5357><U+7701>","Yunnan","West","Early(2013-2017)",-1.7274339501718,-0.394391773432881,0.584542017012902,0.531324264469971,-1.15858596538107,40.4632219345975
2017,530000,"<U+4E91><U+5357><U+7701>","Yunnan","West","Early(2013-2017)",-1.23813564723362,-0.390286502057877,0.842196914357351,0.213452808733597,-0.815985637159889,42.9065929530503
2018,530000,"<U+4E91><U+5357><U+7701>","Yunnan","West","Late(2018-2022)",-0.716369041473936,-0.440273356200794,1.23871202099399,-0.371062636083056,-0.462227773479097,45.4295377387581
2019,530000,"<U+4E91><U+5357><U+7701>","Yunnan","West","Late(2018-2022)",-0.203757638220766,-0.0566349464210035,1.61169184249376,-0.646643621322118,-0.0314762101462669,48.5015893373812
2020,530000,"<U+4E91><U+5357><U+7701>","Yunnan","West","Late(2018-2022)",0.270703902270894,-0.0495275677978505,2.10824590032243,-0.573413248680521,0.348703822844704,51.2129728297077
2021,530000,"<U+4E91><U+5357><U+7701>","Yunnan","West","Late(2018-2022)",-0.0312934394185637,0.0763470306954453,2.23995795845749,-0.13676807561026,0.20008016173634,50.153012531088
2022,530000,"<U+4E91><U+5357><U+7701>","Yunnan","West","Late(2018-2022)",0.0436456419140784,-0.267535317309486,2.75513018047593,-0.552493790999915,0.223440378844141,50.3196138818874
2013,330000,"<U+6D59><U+6C5F><U+7701>","Zhejiang","East","Early(2013-2017)",2.30207369417118,-0.858245373856721,-2.38699927331725,0.50601097601545,1.24940648367137,57.6366408662614
2014,330000,"<U+6D59><U+6C5F><U+7701>","Zhejiang","East","Early(2013-2017)",2.80999488121131,-0.740249298846939,-2.00281699849643,0.5002654007071,1.65381540140464,60.5208209087143
2015,330000,"<U+6D59><U+6C5F><U+7701>","Zhejiang","East","Early(2013-2017)",3.81207279751707,-0.529874139146228,-1.27018759250579,0.448889658767355,2.44330210553891,66.1513144413712
2016,330000,"<U+6D59><U+6C5F><U+7701>","Zhejiang","East","Early(2013-2017)",4.25514573624507,-0.107689799316615,-1.10255365416535,0.644606955150301,2.84112269234499,68.9885075561377
2017,330000,"<U+6D59><U+6C5F><U+7701>","Zhejiang","East","Early(2013-2017)",4.64663871806814,-0.033290681978525,-0.564493986209052,0.416012046888357,3.16008743350666,71.2633133291187
2018,330000,"<U+6D59><U+6C5F><U+7701>","Zhejiang","East","Late(2018-2022)",5.01573269665936,0.0359203059540167,-0.110733116188651,-0.0516899107559287,3.43994430133893,73.259207973256
2019,330000,"<U+6D59><U+6C5F><U+7701>","Zhejiang","East","Late(2018-2022)",5.54697719777149,0.289652052459441,0.669858398592242,-0.382379271810694,3.89988956493184,76.5394643961629
2020,330000,"<U+6D59><U+6C5F><U+7701>","Zhejiang","East","Late(2018-2022)",5.80698214751252,0.660124554624563,1.00656607468807,-0.477228088381475,4.16252244601025,78.4125203078475
2021,330000,"<U+6D59><U+6C5F><U+7701>","Zhejiang","East","Late(2018-2022)",5.75654641893995,0.848177252817543,1.11474751012468,-0.112766234037034,4.18967043581028,78.6061354506905
2022,330000,"<U+6D59><U+6C5F><U+7701>","Zhejiang","East","Late(2018-2022)",6.01785251205368,0.765101245544894,1.54442857830859,-0.320323535256749,4.38567779845191,80.0040287678644
2013,5e+05,"<U+91CD><U+5E86><U+5E02>","Chongqing","West","Early(2013-2017)",-2.49094506025532,-1.13722082205155,-2.11781848676903,-1.24571160608897,-2.17015216481352,33.2488927838559
2014,5e+05,"<U+91CD><U+5E86><U+5E02>","Chongqing","West","Early(2013-2017)",-1.83936857294086,-0.681522375448303,-1.92127172852356,-1.12942065476943,-1.62589976782858,37.1304142652304
2015,5e+05,"<U+91CD><U+5E86><U+5E02>","Chongqing","West","Early(2013-2017)",-1.18120832250087,-0.260841553129114,-1.52058950146079,-1.21648276576913,-1.07510549308684,41.0585913776728
2016,5e+05,"<U+91CD><U+5E86><U+5E02>","Chongqing","West","Early(2013-2017)",-0.753282730503207,0.183405695838863,-1.41783812698194,-0.857232338006713,-0.680581669127407,43.8722725044735
2017,5e+05,"<U+91CD><U+5E86><U+5E02>","Chongqing","West","Early(2013-2017)",-0.382977009937089,0.389200139715262,-1.02003665405607,-1.01750892241938,-0.365473353753427,46.1195748624596
2018,5e+05,"<U+91CD><U+5E86><U+5E02>","Chongqing","West","Late(2018-2022)",0.185716114818713,0.656291648329958,-0.780769257252606,-1.0675627512122,0.0867692115727953,49.3448968671584
2019,5e+05,"<U+91CD><U+5E86><U+5E02>","Chongqing","West","Late(2018-2022)",0.679934346074809,0.926238730022558,-0.384580678018245,-1.2728530295656,0.49399743510511,52.2491837498975
2020,5e+05,"<U+91CD><U+5E86><U+5E02>","Chongqing","West","Late(2018-2022)",1.20768785780535,1.40323217860509,-0.25509502161816,-1.23523717375654,0.945019209451663,55.4657992676097
2021,5e+05,"<U+91CD><U+5E86><U+5E02>","Chongqing","West","Late(2018-2022)",1.0025371005504,1.62840984552603,-0.202858695270407,-0.879270561702021,0.865525690225537,54.8988641393206
2022,5e+05,"<U+91CD><U+5E86><U+5E02>","Chongqing","West","Late(2018-2022)",1.22914809310118,1.64529449902364,0.132579646366756,-1.14797393807876,1.04008876682589,56.1438202211546
